"LabID","Brix"
49329,-0.485197934595525
61452,-0.476419965576592
6037,-0.475817555938038
34736,-0.480722891566265
6037,-0.475817555938038
33951,-0.5
51856,-0.481325301204819
46771,-0.479001721170396
44978,-0.475301204819277
25578,-0.489242685025818
49329,-0.485197934595525
19992,-0.476936316695353
62698,-0.475215146299484
19992,-0.476936316695353
44978,-0.475301204819277
18549,-0.491222030981067
61452,-0.476419965576592
46771,-0.479001721170396
46771,-0.479001721170396
49329,-0.485197934595525
34736,-0.480722891566265
49329,-0.485197934595525
45668,-0.476419965576592
33951,-0.5
13294,-0.490533562822719
62698,-0.475215146299484
18549,-0.491222030981067
13294,-0.490533562822719
6936,-0.483304647160069
33951,-0.5
33951,-0.5
25578,-0.489242685025818
25578,-0.489242685025818
46771,-0.479001721170396
19992,-0.476936316695353
51856,-0.481325301204819
18549,-0.491222030981067
18959,-0.487521514629948
51856,-0.481325301204819
33951,-0.5
51856,-0.481325301204819
45668,-0.476419965576592
44978,-0.475301204819277
39590,-0.484595524956971
34736,-0.480722891566265
46771,-0.479001721170396
26458,-0.487865748709122
6037,-0.475817555938038
51856,-0.481325301204819
62698,-0.475215146299484
58595,-0.450516351118761
14736,-0.461359724612737
58447,-0.46368330464716
21633,-0.454819277108434
1389,-0.456884681583477
9229,-0.462650602409639
24506,-0.472719449225473
11301,-0.46566265060241
26358,-0.462134251290878
18354,-0.470567986230637
18354,-0.470567986230637
18611,-0.472289156626506
12742,-0.462994836488812
9229,-0.462650602409639
9892,-0.467728055077453
56077,-0.460585197934596
16724,-0.450860585197935
13191,-0.453700516351119
62448,-0.467039586919105
51370,-0.462306368330465
11186,-0.469535283993115
62209,-0.471944922547332
12742,-0.462994836488812
58595,-0.450516351118761
25980,-0.47263339070568
1389,-0.456884681583477
62209,-0.471944922547332
51370,-0.462306368330465
14953,-0.457831325301205
51370,-0.462306368330465
44311,-0.456110154905336
13191,-0.453700516351119
14953,-0.457831325301205
59033,-0.454819277108434
59587,-0.465404475043029
14953,-0.457831325301205
64737,-0.472203098106713
44311,-0.456110154905336
13530,-0.463166953528399
59587,-0.465404475043029
44311,-0.456110154905336
55602,-0.452925989672978
58447,-0.46368330464716
59587,-0.465404475043029
26056,-0.454819277108434
59033,-0.454819277108434
11561,-0.459982788296041
16724,-0.450860585197935
11301,-0.46566265060241
13191,-0.453700516351119
49638,-0.426592082616179
40474,-0.429432013769363
43164,-0.436919104991394
20028,-0.442685025817556
35974,-0.440963855421687
4177,-0.442082616179002
13062,-0.444406196213425
65232,-0.432358003442341
24940,-0.442857142857143
35827,-0.441394148020654
33422,-0.427624784853701
39351,-0.434251290877797
18730,-0.437177280550775
62817,-0.425645438898451
62338,-0.442598967297762
32502,-0.427280550774527
46074,-0.448795180722892
49638,-0.426592082616179
62123,-0.427969018932874
39351,-0.434251290877797
2817,-0.446471600688468
24940,-0.442857142857143
29155,-0.42710843373494
4700,-0.432874354561102
7797,-0.443545611015491
45230,-0.440189328743546
51841,-0.435370051635112
24557,-0.439328743545611
57361,-0.430808950086058
3613,-0.426592082616179
18730,-0.437177280550775
9269,-0.43407917383821
60081,-0.43382099827883
24340,-0.438382099827883
9670,-0.427538726333907
24265,-0.438209982788296
62123,-0.427969018932874
48423,-0.430722891566265
33992,-0.427796901893287
53723,-0.449053356282272
35827,-0.441394148020654
54949,-0.444578313253012
17242,-0.445180722891566
56240,-0.44776247848537
44927,-0.445438898450947
62070,-0.438726333907057
46443,-0.445955249569707
56240,-0.44776247848537
40960,-0.431497418244406
35827,-0.441394148020654
58893,-0.410671256454389
53411,-0.400946643717728
19388,-0.421342512908778
3162,-0.417728055077453
31995,-0.409810671256454
24414,-0.409466437177281
44810,-0.42487091222031
24866,-0.416351118760757
35305,-0.417039586919105
58893,-0.410671256454389
23538,-0.400172117039587
25440,-0.417986230636833
24866,-0.416351118760757
51346,-0.40249569707401
31164,-0.418244406196214
29703,-0.420567986230637
28099,-0.40473321858864
18600,-0.406196213425129
11058,-0.416437177280551
38762,-0.412306368330465
64706,-0.411790017211704
5450,-0.417469879518072
40896,-0.402839931153184
48813,-0.423149741824441
48274,-0.414888123924269
4938,-0.40869191049914
31164,-0.418244406196214
55194,-0.403356282271945
26092,-0.418244406196214
30908,-0.40473321858864
23538,-0.400172117039587
24866,-0.416351118760757
48114,-0.405249569707401
43855,-0.400516351118761
56874,-0.41790017211704
58893,-0.410671256454389
48274,-0.414888123924269
47356,-0.411790017211704
37879,-0.405851979345955
7674,-0.423580034423408
58218,-0.40421686746988
29703,-0.420567986230637
37879,-0.405851979345955
31995,-0.409810671256454
7674,-0.423580034423408
5110,-0.413597246127367
4938,-0.40869191049914
39284,-0.42289156626506
34332,-0.418502581755594
48274,-0.414888123924269
38250,-0.392943201376937
33091,-0.376247848537005
27170,-0.378141135972461
52005,-0.396471600688468
21207,-0.387951807228916
21205,-0.383304647160069
24101,-0.384681583476764
55658,-0.391394148020654
27713,-0.375989672977625
40851,-0.382013769363167
3488,-0.397418244406196
34402,-0.377194492254733
43908,-0.378657487091222
48704,-0.385456110154905
40392,-0.394578313253012
4370,-0.380206540447504
48525,-0.393631669535284
53932,-0.396127366609294
52121,-0.378657487091222
34753,-0.386144578313253
59143,-0.375473321858864
7219,-0.394578313253012
22487,-0.38184165232358
34753,-0.386144578313253
57305,-0.385025817555938
40396,-0.381411359724613
47181,-0.384939759036145
50623,-0.376247848537005
7219,-0.394578313253012
56848,-0.396471600688468
19425,-0.383993115318416
63265,-0.377194492254733
55658,-0.391394148020654
26811,-0.379432013769363
5040,-0.393889845094664
55974,-0.38407917383821
1416,-0.387005163511188
62843,-0.38209982788296
57305,-0.385025817555938
27713,-0.375989672977625
21646,-0.379173838209983
40524,-0.379173838209983
46639,-0.387865748709122
38250,-0.392943201376937
45718,-0.379087779690189
53131,-0.394320137693632
21152,-0.388209982788296
62978,-0.388984509466437
2970,-0.380636833046472
3488,-0.397418244406196
5279,-0.356368330464716
37466,-0.368760757314974
20300,-0.3723752151463
8602,-0.363769363166954
57303,-0.358089500860585
58038,-0.361790017211704
33162,-0.363339070567986
3132,-0.351462994836489
12948,-0.356024096385542
16310,-0.357401032702238
52914,-0.363769363166954
46877,-0.362736660929432
24253,-0.372461273666093
26585,-0.351376936316695
3159,-0.369363166953528
17717,-0.357917383820998
16758,-0.367125645438899
41446,-0.365576592082616
37142,-0.373924268502582
53666,-0.35697074010327
31137,-0.351118760757315
5396,-0.368072289156627
61075,-0.355765920826162
51447,-0.368588640275387
16165,-0.35473321858864
28212,-0.368502581755594
48264,-0.359122203098107
31289,-0.370223752151463
16144,-0.354561101549053
20830,-0.359724612736661
28212,-0.368502581755594
45442,-0.373924268502582
25901,-0.362306368330465
31220,-0.351635111876076
58038,-0.361790017211704
31141,-0.374698795180723
25167,-0.352065404475043
60553,-0.36118760757315
64018,-0.355507745266781
2748,-0.365318416523236
64406,-0.350086058519794
62380,-0.366953528399311
29452,-0.355507745266781
53089,-0.36592082616179
2748,-0.365318416523236
33938,-0.3723752151463
44104,-0.371170395869191
51447,-0.368588640275387
16165,-0.35473321858864
11740,-0.356626506024097
51533,-0.341222030981067
42459,-0.339759036144578
19896,-0.34750430292599
63396,-0.340275387263339
30063,-0.328743545611015
17706,-0.348709122203098
12265,-0.349139414802066
26756,-0.330550774526678
8434,-0.329690189328743
56054,-0.333304647160069
64903,-0.340189328743546
57333,-0.332616179001721
50946,-0.329518072289157
56300,-0.348192771084337
57827,-0.328141135972461
28484,-0.325559380378658
56176,-0.326333907056799
22247,-0.33407917383821
22916,-0.334165232358004
19896,-0.34750430292599
19896,-0.34750430292599
32939,-0.335025817555938
13388,-0.331669535283993
40745,-0.344406196213425
58844,-0.330550774526678
56623,-0.347848537005164
52533,-0.329776247848537
39048,-0.348364888123924
47809,-0.336144578313253
63579,-0.34328743545611
40673,-0.330981067125645
42459,-0.339759036144578
8434,-0.329690189328743
20101,-0.347418244406196
8491,-0.332185886402754
38753,-0.340447504302926
57827,-0.328141135972461
57148,-0.339328743545611
62752,-0.344836488812392
44990,-0.339931153184165
60485,-0.331325301204819
50952,-0.345094664371773
60835,-0.338209982788296
18997,-0.344320137693632
15411,-0.336402753872634
9684,-0.344578313253012
60624,-0.33855421686747
28296,-0.340447504302926
35973,-0.34552495697074
13614,-0.330981067125645
54008,-0.304561101549053
36636,-0.300860585197935
61988,-0.316781411359725
53773,-0.321772805507745
44105,-0.311617900172117
25156,-0.324526678141136
37309,-0.312306368330465
23328,-0.3
38666,-0.304044750430293
13348,-0.320826161790017
46461,-0.310327022375215
28536,-0.302753872633391
19683,-0.311962134251291
33296,-0.324268502581756
55122,-0.315146299483649
8216,-0.322719449225473
54068,-0.306282271944923
6499,-0.301376936316695
22528,-0.311273666092943
6736,-0.313769363166954
65025,-0.302839931153184
45796,-0.317555938037866
8330,-0.305507745266781
62635,-0.314371772805508
6279,-0.321342512908778
23068,-0.314113597246128
28891,-0.302151462994836
20945,-0.312650602409639
35494,-0.322719449225473
14273,-0.31566265060241
61364,-0.301893287435456
37668,-0.323321858864028
22512,-0.312994836488812
46993,-0.308003442340792
35733,-0.314371772805508
10215,-0.309982788296041
17613,-0.301118760757315
57877,-0.310413080895009
30522,-0.319793459552496
45234,-0.31790017211704
24288,-0.306540447504303
13326,-0.301204819277108
33549,-0.304561101549053
8330,-0.305507745266781
5908,-0.321772805507745
57640,-0.303270223752152
34020,-0.30447504302926
19372,-0.322547332185886
9915,-0.318932874354561
13326,-0.301204819277108
49148,-0.275043029259897
63048,-0.293631669535284
22189,-0.288726333907057
36059,-0.298278829604131
1959,-0.285972461273666
52748,-0.277624784853701
34934,-0.293115318416523
23935,-0.286230636833046
25421,-0.278657487091222
33918,-0.281755593803787
38685,-0.287005163511188
60074,-0.289414802065404
54829,-0.294922547332186
2867,-0.299827882960413
29337,-0.283734939759036
3218,-0.291824440619621
16866,-0.281497418244406
13050,-0.280550774526678
19843,-0.283562822719449
22189,-0.288726333907057
26799,-0.298364888123924
54829,-0.294922547332186
8481,-0.282185886402754
52694,-0.281153184165232
37589,-0.277624784853701
57691,-0.28407917383821
9687,-0.27685025817556
61864,-0.295697074010327
43556,-0.282960413080895
26188,-0.285886402753873
35871,-0.278485370051635
14596,-0.275559380378658
49365,-0.283648881239243
31145,-0.285283993115318
14191,-0.294922547332186
64601,-0.278055077452668
20584,-0.285800344234079
38531,-0.292340791738382
7332,-0.279259896729776
14723,-0.299225473321859
57768,-0.276419965576592
4155,-0.294061962134251
57393,-0.278141135972461
63656,-0.282960413080895
63022,-0.290705679862306
51275,-0.296901893287435
18161,-0.293115318416523
47848,-0.29302925989673
38049,-0.296471600688468
1298,-0.277280550774527
43969,-0.269707401032702
4130,-0.259122203098107
54564,-0.266006884681584
59039,-0.254130808950086
60230,-0.271170395869191
59273,-0.264543889845095
62117,-0.255421686746988
43716,-0.267469879518072
64548,-0.252065404475043
57068,-0.256368330464716
29029,-0.251893287435456
14767,-0.253098106712565
28265,-0.269535283993115
14374,-0.253614457831325
54643,-0.255765920826162
33451,-0.27487091222031
20452,-0.255421686746988
2574,-0.268674698795181
30948,-0.255335628227195
23075,-0.263080895008606
56892,-0.262564543889845
52219,-0.25025817555938
37807,-0.262564543889845
62185,-0.250172117039587
48569,-0.271686746987952
43273,-0.267814113597246
45149,-0.263166953528399
59516,-0.251635111876076
57673,-0.268588640275387
16159,-0.27039586919105
29127,-0.250516351118761
58749,-0.272289156626506
46017,-0.267211703958692
6723,-0.258347676419966
56553,-0.256798623063683
3633,-0.25473321858864
29840,-0.26617900172117
19758,-0.272030981067126
59662,-0.264543889845095
32678,-0.258519793459553
51093,-0.255938037865749
57122,-0.251376936316695
11666,-0.270567986230637
42146,-0.274526678141136
31673,-0.257314974182444
61959,-0.273752151462995
27550,-0.262134251290878
50705,-0.27461273666093
44477,-0.274182444061962
25704,-0.267125645438898
43457,-0.233993115318417
27771,-0.241394148020654
12683,-0.22934595524957
7966,-0.237607573149742
29433,-0.236919104991394
17046,-0.238123924268502
63442,-0.234337349397591
38252,-0.230636833046472
13843,-0.245955249569707
12073,-0.227710843373494
63949,-0.240447504302926
32644,-0.237005163511188
21227,-0.241222030981067
24761,-0.233046471600689
7275,-0.243631669535284
49582,-0.248967297762479
35411,-0.243459552495697
40270,-0.232788296041308
16531,-0.237349397590362
8483,-0.227710843373494
35262,-0.234853700516351
29969,-0.244320137693632
63352,-0.23881239242685
9128,-0.245352839931153
556,-0.244406196213425
63249,-0.247332185886403
41170,-0.228141135972461
33220,-0.22960413080895
40521,-0.237607573149742
12683,-0.22934595524957
45712,-0.246987951807229
45775,-0.237779690189329
12535,-0.22934595524957
16772,-0.235972461273666
25393,-0.236488812392427
38983,-0.242082616179002
57661,-0.242685025817556
24456,-0.228399311531842
6363,-0.235111876075731
29393,-0.2315834767642
24572,-0.22908777969019
61162,-0.249569707401033
43395,-0.233218588640275
33406,-0.226075731497418
38447,-0.244061962134251
21928,-0.234509466437177
46739,-0.245783132530121
56439,-0.235714285714286
60639,-0.233476764199656
36979,-0.246815834767642
5444,-0.209982788296041
17067,-0.208347676419965
27346,-0.20223752151463
20493,-0.201290877796902
9220,-0.223493975903615
50054,-0.224956970740103
54215,-0.21170395869191
40648,-0.215404475043029
46382,-0.202667814113597
49163,-0.215404475043029
24328,-0.217469879518072
22952,-0.223924268502582
57714,-0.205679862306368
7575,-0.218502581755594
30548,-0.212908777969019
3801,-0.203270223752152
63693,-0.218502581755594
63302,-0.202323580034424
33268,-0.215576592082616
1900,-0.200602409638554
12623,-0.204302925989673
2571,-0.220826161790017
53968,-0.224268502581756
50423,-0.200172117039587
12686,-0.205507745266782
3428,-0.22263339070568
40608,-0.22263339070568
32545,-0.204561101549053
46231,-0.205335628227194
8301,-0.212478485370052
43009,-0.207487091222031
23648,-0.201893287435456
21815,-0.22039586919105
863,-0.224440619621342
10776,-0.206368330464716
40523,-0.200946643717728
43732,-0.214027538726334
61807,-0.207573149741825
577,-0.202151462994836
8949,-0.210671256454389
9484,-0.201032702237522
4669,-0.208777969018933
64,-0.202925989672978
830,-0.200774526678141
24139,-0.210240963855422
49527,-0.205938037865749
50953,-0.200344234079174
16946,-0.208433734939759
39413,-0.223407917383821
53807,-0.206884681583477
55319,-0.196385542168675
59392,-0.182530120481928
42229,-0.188123924268502
44642,-0.177882960413081
59441,-0.198623063683305
20441,-0.18184165232358
51465,-0.199655765920826
35826,-0.180722891566265
17725,-0.180464716006885
49094,-0.189672977624785
61824,-0.185628227194492
43966,-0.191394148020654
53371,-0.175473321858864
17857,-0.185972461273666
43314,-0.184509466437177
29992,-0.182271944922547
1290,-0.176936316695353
62608,-0.175559380378658
54900,-0.190189328743546
30452,-0.19526678141136
40054,-0.185886402753873
47369,-0.179432013769363
14411,-0.181067125645439
10475,-0.177538726333907
62483,-0.195180722891566
16579,-0.188898450946644
33974,-0.199311531841652
40713,-0.198623063683305
23116,-0.195094664371773
30879,-0.187091222030981
41113,-0.195697074010327
49491,-0.183390705679862
17433,-0.179948364888124
5993,-0.188468158347676
8184,-0.18184165232358
21430,-0.192082616179002
58372,-0.181927710843374
29170,-0.187607573149742
28369,-0.17736660929432
41007,-0.186144578313253
33568,-0.180206540447504
8299,-0.178313253012048
41601,-0.177194492254733
60885,-0.18433734939759
26975,-0.183476764199656
59110,-0.197160068846816
1481,-0.192168674698795
53840,-0.179776247848537
13096,-0.177969018932874
63604,-0.194061962134251
41551,-0.163855421686747
39365,-0.167211703958692
31388,-0.174612736660929
37159,-0.153614457831325
30560,-0.17039586919105
41681,-0.155938037865749
23949,-0.153356282271945
44514,-0.157745266781411
63385,-0.168244406196214
37439,-0.170223752151463
45977,-0.151118760757315
35841,-0.163511187607573
63987,-0.160929432013769
7911,-0.156540447504303
11298,-0.172289156626506
25896,-0.161273666092943
53016,-0.171772805507745
31448,-0.152667814113597
14102,-0.1592082616179
38850,-0.172030981067126
987,-0.160757314974183
50441,-0.156368330464716
41672,-0.172461273666093
16667,-0.166781411359725
4063,-0.155163511187608
11917,-0.157142857142857
63044,-0.169965576592083
27961,-0.155679862306368
63661,-0.166523235800344
35086,-0.15025817555938
58104,-0.164199655765921
29472,-0.150430292598967
30823,-0.159552495697074
51907,-0.159552495697074
29774,-0.166953528399312
63010,-0.159466437177281
1326,-0.153700516351119
4851,-0.162564543889845
43643,-0.168846815834768
33115,-0.169879518072289
25174,-0.152151462994837
61319,-0.160068846815835
46160,-0.152065404475043
50245,-0.152667814113597
46129,-0.156196213425129
62710,-0.162048192771085
65099,-0.15197934595525
13238,-0.152151462994837
41558,-0.157401032702237
27685,-0.172117039586919
59387,-0.14776247848537
38628,-0.125301204819277
30401,-0.138984509466437
65199,-0.139414802065405
43836,-0.149053356282272
15588,-0.128055077452668
5412,-0.135370051635112
13783,-0.139156626506024
47888,-0.146213425129088
45296,-0.133734939759036
31214,-0.130292598967298
17377,-0.125215146299484
22736,-0.142340791738382
9289,-0.134509466437177
51136,-0.131067125645439
44089,-0.140275387263339
5392,-0.13184165232358
52867,-0.128227194492255
61293,-0.131239242685026
15365,-0.14104991394148
34243,-0.149053356282272
27629,-0.134681583476764
3156,-0.126592082616179
3666,-0.135283993115319
19180,-0.144578313253012
52145,-0.144836488812392
13783,-0.139156626506024
48294,-0.141222030981067
6684,-0.139672977624785
35476,-0.134165232358003
5204,-0.14130808950086
29779,-0.133132530120482
39420,-0.145352839931153
47749,-0.126592082616179
14759,-0.146643717728055
61408,-0.145008605851979
12943,-0.149569707401033
7448,-0.132530120481928
7455,-0.145008605851979
44159,-0.143201376936317
43980,-0.146471600688468
28903,-0.141135972461274
21105,-0.13881239242685
25744,-0.147934595524957
40405,-0.136402753872633
17928,-0.135283993115319
1509,-0.146557659208262
26133,-0.135283993115319
26216,-0.135714285714286
25732,-0.129259896729776
16086,-0.100602409638554
18036,-0.104388984509466
32708,-0.101118760757315
55297,-0.118760757314974
36571,-0.103442340791738
14684,-0.115834767641997
14195,-0.104302925989673
47910,-0.10223752151463
35570,-0.118760757314974
55568,-0.117383820998279
62002,-0.104991394148021
52253,-0.101204819277109
48282,-0.107659208261618
35116,-0.113080895008606
27341,-0.119621342512909
10986,-0.124268502581756
25500,-0.111617900172117
3551,-0.11592082616179
34256,-0.122375215146299
31224,-0.11617900172117
35650,-0.106024096385542
32300,-0.112736660929432
36976,-0.118330464716007
49502,-0.120309810671256
14784,-0.109294320137694
45559,-0.111273666092943
49627,-0.120998278829604
8509,-0.114974182444062
48904,-0.104388984509466
27502,-0.120481927710843
58696,-0.121686746987952
4984,-0.102409638554217
40555,-0.112994836488813
56426,-0.111015490533563
39734,-0.11144578313253
44183,-0.118330464716007
17381,-0.102839931153184
38069,-0.116781411359724
367,-0.117728055077453
57833,-0.11342512908778
9412,-0.117728055077453
27985,-0.109552495697074
38520,-0.113080895008606
34063,-0.106024096385542
6711,-0.114802065404475
46757,-0.108433734939759
26818,-0.117986230636833
63124,-0.113339070567986
9540,-0.118674698795181
4863,-0.119965576592083
48945,-0.0905335628227193
10539,-0.0861445783132531
49458,-0.099225473321859
7228,-0.0864027538726334
49297,-0.0944061962134252
64087,-0.088382099827883
64558,-0.093631669535284
25035,-0.0791738382099829
37543,-0.0776247848537006
38416,-0.0947504302925991
61285,-0.0778829604130809
63276,-0.0842512908777968
40196,-0.099225473321859
10587,-0.0800344234079173
36154,-0.0901032702237521
57189,-0.076247848537005
16883,-0.0789156626506025
6800,-0.0871772805507746
50921,-0.0994836488812394
27242,-0.091738382099828
44608,-0.0881239242685026
8028,-0.0867469879518074
34007,-0.0814974182444064
22627,-0.0993115318416523
19955,-0.0801204819277109
14444,-0.0803786574870912
53598,-0.0782271944922548
2755,-0.0794320137693633
58290,-0.0802065404475044
51344,-0.0961273666092943
53309,-0.0866609294320138
49823,-0.0796901893287437
42506,-0.079948364888124
20121,-0.0837349397590363
4300,-0.0986230636833046
62564,-0.0941480206540448
6399,-0.0974182444061963
3347,-0.0879518072289158
35113,-0.0820137693631668
17703,-0.0918244406196213
12282,-0.0930292598967297
11222,-0.0793459552495697
28317,-0.0899311531841653
28666,-0.0760757314974182
24573,-0.0951807228915663
56915,-0.0796041308089501
30976,-0.0993115318416523
30685,-0.0824440619621343
20184,-0.0858003442340791
35392,-0.094578313253012
36272,-0.0541308089500861
17732,-0.0614457831325302
42408,-0.0603270223752151
11670,-0.0617039586919106
9737,-0.0741824440619622
56305,-0.0591222030981067
19946,-0.0535283993115317
25139,-0.0519793459552494
34263,-0.0517211703958693
1766,-0.0721170395869191
33103,-0.0571428571428572
15247,-0.0674698795180724
9176,-0.0726333907056799
40836,-0.0658347676419965
36982,-0.0608433734939759
30365,-0.0522375215146298
13324,-0.0665232358003441
45122,-0.0509466437177282
43984,-0.0623063683304647
4796,-0.0564543889845096
47528,-0.0705679862306368
28120,-0.0659208261617901
40034,-0.0668674698795181
63399,-0.0723752151462995
33036,-0.0734079173838211
39414,-0.0712564543889844
34682,-0.0535283993115317
2247,-0.0518072289156626
7695,-0.0660929432013769
3381,-0.0562822719449225
25315,-0.0535283993115317
40883,-0.0574870912220308
19812,-0.0606712564543891
18371,-0.0740103270223751
61068,-0.0734079173838211
13874,-0.0590361445783132
3685,-0.0550774526678141
21187,-0.0722030981067127
3775,-0.063855421686747
31702,-0.0555077452667813
56095,-0.0737521514629947
44291,-0.070998278829604
56927,-0.0558519793459553
52328,-0.0722891566265059
34946,-0.0577452667814112
63399,-0.0723752151462995
60907,-0.0627366609294319
10281,-0.0635972461273666
35853,-0.0533562822719449
24599,-0.0574870912220308
64526,-0.0277969018932874
27451,-0.049225473321859
22353,-0.0260757314974183
47052,-0.0282271944922546
43525,-0.0453528399311532
38102,-0.038382099827883
38020,-0.030895008605852
29164,-0.0263339070567986
36152,-0.0264199655765922
29194,-0.0320137693631669
44266,-0.0414802065404474
3103,-0.0409638554216869
62621,-0.0308089500860585
12440,-0.0279690189328742
35904,-0.0470740103270224
26259,-0.0252151462994835
45127,-0.0481927710843374
45907,-0.0481067125645439
41923,-0.044578313253012
34277,-0.0481067125645439
42208,-0.0439759036144577
56011,-0.0413941480206541
56304,-0.0469018932874355
38116,-0.0419104991394149
31826,-0.046815834767642
43477,-0.0403614457831326
45907,-0.0481067125645439
41120,-0.0285714285714286
21707,-0.0296901893287437
22705,-0.0365748709122203
14585,-0.032788296041308
28778,-0.0324440619621344
45264,-0.0369191049913942
35156,-0.0462134251290879
50250,-0.0484509466437179
52836,-0.0308089500860585
13553,-0.0361445783132531
32112,-0.03407917383821
41296,-0.0296041308089501
46959,-0.045869191049914
52577,-0.0299483648881241
19517,-0.0382960413080894
35448,-0.0315834767641996
61800,-0.0358864027538727
26325,-0.0390705679862306
5583,-0.0303786574870913
8124,-0.0311531841652324
19525,-0.0390705679862306
62621,-0.0308089500860585
42341,-0.0446643717728056
56614,-0.000344234079173888
23781,-0.0143717728055078
53949,-0.0148881239242686
12295,-0.0145438898450946
5494,-0.0146299483648882
15652,-0.0115318416523235
33612,-0.0111015490533563
54330,-0.0205679862306368
53214,-0.00808950086058524
29061,-0.0234939759036144
21304,-0.00619621342512927
35610,-0.0140275387263338
266,-0.0230636833046471
26670,-0.0241824440619622
32591,-0.015146299483649
18573,-0.0152323580034422
12194,-0.00499139414802058
33364,-0.00619621342512927
64900,-0.000688468158347832
15075,-0.0121342512908779
11284,-0.00421686746987937
48545,-0.0189328743545613
47629,-0.0100688468158348
52787,-8.6058519793486e-05
3477,-0.0154905335628226
55663,-0.0139414802065406
47176,-0.02039586919105
35736,-0.012908777969019
29193,-0.0218588640275388
2548,-0.00189328743545619
35129,-0.0234939759036144
65136,-0.00817555938037878
56353,-0.00318416523235815
48745,-0.00473321858864018
54683,-0.0197074010327021
37089,-0.00611015490533567
34539,-0.0222030981067127
11676,-0.0148881239242686
50868,-0.00800344234079164
23576,-0.00981067125645441
50323,-0.0232358003442339
16233,-0.00464716006884691
3469,-0.0217728055077452
55480,-0.0136833046471602
62986,-0.0197074010327021
30759,-0.0172117039586918
11774,-0.0206540447504304
52139,-0.0135111876075731
42531,-0.00972461273666081
35792,-0.00981067125645441
22584,0.00249569707401043
57056,0.00129087779690207
14406,0.0185025817555938
39580,0.0134251290877797
31479,0.0203098106712566
6004,0.000516351118760805
57300,0.00757314974182433
28962,0.00851979345955256
27266,0.0123924268502581
27982,0.0218588640275386
38130,0.014974182444062
62263,0.0223752151462994
12611,0.00327022375215158
20560,0.00129087779690207
56457,0.0222030981067126
12515,0.0145438898450948
33711,0.0180722891566264
4386,0.0195352839931154
37671,0.00481927710843355
9170,0.0134251290877797
43097,0.0046471600688468
53138,0.0104130808950086
33077,0.00808950086058502
64634,0.00654044750430305
18172,0.0142857142857143
58195,0.00800344234079187
56611,0.00636833046471597
14115,0.012736660929432
13717,0.00593803786574876
44815,0.0197074010327023
34703,0.00671256454388991
38653,0.00989672977624778
26112,0.0186746987951807
32519,0.0046471600688468
32409,0.0184165232358003
25358,0.0055938037865747
27829,0.0153184165232356
46211,0.0222030981067126
17976,0.00318416523235798
18690,0.00370051635111879
27630,0.00292598967297764
61316,0.0113597246127366
8821,0.0177280550774527
58881,0.000430292598967319
23864,0.00671256454388991
33360,0.0181583476764199
56821,0.00275387263339077
54776,0.0142857142857143
14786,0.00430292598967308
62197,0.0154044750430292
10963,0.0376075731497417
57455,0.0304647160068847
46511,0.0394148020654044
49212,0.0255593803786576
22334,0.0320998278829603
14372,0.0282271944922547
38613,0.0261617900172116
22690,0.0470740103270225
64774,0.0362306368330465
59905,0.0412220309810671
36221,0.0469879518072289
33581,0.0393287435456111
35461,0.0337349397590362
26749,0.0250430292598969
37647,0.0381239242685025
20912,0.0313253012048195
31737,0.0428571428571427
43147,0.0378657487091221
31422,0.0255593803786576
16752,0.0483648881239241
37293,0.0483648881239241
25451,0.0395869191049912
51261,0.0450086058519794
10253,0.033907056798623
56931,0.0364888123924269
47951,0.0376075731497417
47069,0.0302925989672979
62701,0.033907056798623
19783,0.0324440619621342
52431,0.0379518072289157
13023,0.0377796901893288
50165,0.0463855421686746
62469,0.0252151462994836
10763,0.0347676419965577
47557,0.042685025817556
1485,0.0265060240963856
22299,0.0480206540447505
51811,0.039500860585198
6463,0.0438037865748711
27954,0.0376936316695352
15508,0.0495697074010328
25871,0.0402753872633391
58434,0.0381239242685025
63433,0.0341652323580034
11004,0.0271944922547332
36267,0.0456110154905335
48807,0.0480206540447505
4027,0.0384681583476765
30721,0.0495697074010328
64019,0.0265060240963856
49907,0.0516351118760756
40921,0.0573149741824441
46045,0.074526678141136
22239,0.0534423407917384
49248,0.0611876075731497
24513,0.0521514629948364
51819,0.0574010327022374
3809,0.0573149741824441
32120,0.0656626506024096
40828,0.0746987951807229
50667,0.0687607573149742
47912,0.0558519793459551
65077,0.0582616179001721
58865,0.0520654044750432
21533,0.0501721170395869
23113,0.074526678141136
17758,0.0685025817555939
43532,0.0730636833046473
51673,0.0527538726333907
34464,0.0649741824440619
38194,0.0573149741824441
65076,0.0530120481927712
41000,0.0582616179001721
24699,0.0697074010327022
5963,0.0736660929432013
64378,0.0505163511187608
10164,0.0740103270223752
60985,0.0604130808950085
16028,0.0539586919104992
13687,0.0503442340791737
49558,0.0595524956970741
39562,0.0628227194492256
59560,0.0510327022375215
9996,0.0657487091222031
11248,0.0603270223752153
32466,0.0722891566265061
57733,0.062392426850258
41566,0.0550774526678143
30951,0.0575731497418246
2313,0.0679001721170395
61731,0.0741824440619621
2013,0.0616179001721169
1059,0.0586058519793458
24161,0.0524956970740104
64889,0.0660068846815836
37825,0.0537005163511187
44822,0.0598106712564545
53221,0.0640275387263339
65326,0.0684165232358003
5376,0.0635972461273667
14942,0.0811531841652322
16508,0.0803786574870911
61943,0.095697074010327
54243,0.0911359724612736
6984,0.0808089500860586
36751,0.0843373493975905
28356,0.0873493975903615
7716,0.0833046471600689
8624,0.0935456110154906
31349,0.0879518072289156
51401,0.0984509466437177
54225,0.0822719449225474
45539,0.0849397590361445
54087,0.0869191049913941
1046,0.0851118760757317
14701,0.0865748709122204
42729,0.0833046471600689
7930,0.077710843373494
52613,0.0983648881239244
26830,0.0770223752151463
8831,0.0828743545611014
14382,0.0820998278829606
51927,0.0877796901893287
12733,0.0981067125645441
43327,0.0751290877796901
53313,0.0833907056798622
35505,0.0765060240963855
3615,0.0976764199655765
20080,0.0760757314974183
34903,0.0870912220309812
22918,0.0907056798623064
45539,0.0849397590361445
3182,0.0858003442340792
16185,0.08855421686747
24773,0.0835628227194494
19976,0.0916523235800343
51401,0.0984509466437177
50042,0.0770223752151463
57841,0.0938898450946642
55659,0.0980206540447505
48610,0.0987951807228916
26377,0.0914802065404475
27757,0.0971600688468157
54977,0.0865748709122204
8089,0.0790877796901894
37304,0.0780550774526679
5096,0.0802065404475043
24078,0.0895869191049915
5996,0.0784853700516351
13951,0.0796901893287435
58514,0.118072289156627
52777,0.11118760757315
51722,0.118674698795181
10867,0.101032702237522
23940,0.123493975903614
5988,0.11118760757315
45361,0.117728055077453
3912,0.113511187607573
57886,0.11342512908778
64290,0.116867469879518
52959,0.120567986230637
32316,0.100946643717728
53196,0.124354561101549
2450,0.101721170395869
38454,0.103528399311532
3458,0.113511187607573
20304,0.114888123924268
23614,0.110929432013769
26851,0.10025817555938
13690,0.12263339070568
57088,0.112306368330465
7352,0.111359724612737
48637,0.112650602409638
2084,0.108605851979346
18978,0.122805507745267
49805,0.117297762478485
36393,0.103184165232358
31398,0.121858864027539
25918,0.115060240963855
29467,0.116006884681583
28213,0.117986230636833
2226,0.100172117039587
45377,0.120567986230637
37428,0.122461273666093
7753,0.111617900172117
21982,0.101721170395869
8417,0.102151462994836
49312,0.115232358003442
24932,0.121858864027539
61732,0.102667814113597
4981,0.108261617900172
25563,0.105163511187607
52154,0.117555938037866
11748,0.105938037865749
56866,0.106884681583477
9227,0.12039586919105
56148,0.117986230636833
14417,0.110154905335628
39334,0.110413080895008
56029,0.120309810671257
20659,0.135456110154905
13751,0.143201376936317
39684,0.144320137693632
6890,0.13605851979346
19854,0.147074010327022
23155,0.146815834767642
10802,0.13433734939759
63593,0.135456110154905
58929,0.133648881239243
10238,0.125387263339071
3934,0.127452667814114
41343,0.135886402753873
20190,0.136660929432014
15818,0.129087779690189
20139,0.126333907056799
18015,0.135456110154905
26099,0.13605851979346
3597,0.131411359724613
7295,0.131067125645439
5635,0.130378657487091
26242,0.14750430292599
64470,0.130808950086059
57096,0.141480206540447
49332,0.127538726333907
43866,0.127624784853701
3210,0.131325301204819
20253,0.140619621342513
9817,0.14302925989673
60205,0.141222030981067
46640,0.143975903614458
34075,0.137005163511188
11772,0.142254733218589
30726,0.134595524956971
25485,0.135972461273666
54627,0.137865748709122
61221,0.142082616179002
49256,0.148623063683305
55957,0.133132530120482
63360,0.141135972461274
52469,0.131497418244406
59631,0.141738382099828
5661,0.140447504302926
59669,0.13881239242685
9280,0.139586919104991
14603,0.128227194492255
23464,0.13209982788296
25702,0.147418244406196
516,0.136230636833046
20588,0.135456110154905
35136,0.127022375215146
45817,0.154044750430293
31835,0.160671256454389
48069,0.164629948364888
62311,0.166006884681583
10112,0.15946643717728
11496,0.163597246127367
48819,0.170826161790017
14120,0.165748709122203
44790,0.166695352839931
6833,0.162048192771084
41920,0.160154905335628
45645,0.174612736660929
34559,0.151290877796902
24641,0.172117039586919
35275,0.16815834767642
58793,0.169018932874355
17391,0.152409638554217
20648,0.162994836488812
27151,0.173752151462995
58237,0.15946643717728
56858,0.156884681583477
18678,0.171944922547332
8757,0.168244406196213
23377,0.158175559380379
44790,0.166695352839931
34472,0.155938037865749
7619,0.151118760757315
1066,0.164027538726334
19263,0.153098106712565
3970,0.162994836488812
22710,0.153528399311532
1272,0.151807228915663
27622,0.171686746987952
19204,0.159896729776248
10270,0.150086058519794
42745,0.15895008605852
54244,0.167383820998279
33474,0.166609294320138
31835,0.160671256454389
39867,0.165060240963855
56020,0.167125645438899
38030,0.154302925989673
60998,0.16790017211704
41747,0.162478485370052
48048,0.168330464716007
32560,0.173924268502582
39884,0.151118760757315
9664,0.167555938037866
46926,0.159638554216868
59696,0.154905335628227
42544,0.178313253012048
17289,0.199913941480207
16150,0.194578313253012
21511,0.182530120481928
52387,0.184853700516351
30756,0.190189328743545
62318,0.188037865748709
36731,0.191308089500861
33018,0.197418244406196
30479,0.187435456110155
17225,0.197074010327022
21889,0.192771084337349
3126,0.195008605851979
44408,0.186230636833046
47341,0.180808950086059
57891,0.179776247848537
47895,0.191910499139415
27372,0.18855421686747
9879,0.18881239242685
37886,0.179432013769363
17271,0.176506024096385
49863,0.192168674698795
49159,0.195352839931153
58864,0.194148020654045
2099,0.199741824440619
58024,0.196557659208262
13533,0.192685025817556
63453,0.179776247848537
14415,0.193631669535284
51873,0.18855421686747
47030,0.183046471600688
20719,0.187693631669535
59399,0.192512908777969
61380,0.191480206540447
65110,0.199655765920826
8822,0.178743545611015
5148,0.189586919104991
21479,0.186488812392427
51061,0.184165232358004
26725,0.184423407917384
11569,0.197590361445783
17866,0.185111876075732
28671,0.183132530120482
24070,0.18657487091222
3057,0.196901893287436
54236,0.198967297762478
2575,0.180981067125645
17040,0.177280550774527
29729,0.181497418244406
44622,0.184853700516351
42758,0.201721170395869
37029,0.218932874354561
3144,0.21790017211704
42785,0.208261617900172
64842,0.211531841652324
61926,0.201290877796902
4632,0.215490533562823
44147,0.203528399311532
61527,0.214888123924269
55364,0.213080895008606
40714,0.215490533562823
31480,0.202925989672978
7155,0.216953528399312
15187,0.203356282271945
24050,0.214716006884682
2177,0.219793459552496
64925,0.224268502581756
62089,0.202581755593804
57803,0.203786574870912
2137,0.208347676419966
3315,0.219965576592082
16895,0.203442340791739
56768,0.204991394148021
27153,0.208175559380379
24406,0.202151462994837
57510,0.220740103270224
1831,0.207745266781411
64804,0.218330464716007
17557,0.224440619621343
51411,0.207917383820998
37074,0.205938037865749
3867,0.222977624784854
27669,0.221858864027539
16073,0.213339070567986
34540,0.2223752151463
7104,0.209724612736661
53501,0.206884681583477
49912,0.223321858864028
45738,0.206884681583477
28446,0.211790017211704
57334,0.223493975903614
11568,0.223407917383821
15690,0.219965576592082
47328,0.203356282271945
60568,0.214543889845095
1112,0.215834767641997
45541,0.215834767641997
47977,0.200602409638554
7736,0.2184165232358
61977,0.211273666092943
46081,0.245611015490534
61136,0.226506024096385
49956,0.245611015490534
37370,0.228141135972461
30024,0.233562822719449
41311,0.243631669535284
64344,0.25
47199,0.236746987951807
27779,0.242685025817556
33346,0.225387263339071
56832,0.233390705679862
26926,0.245094664371773
39244,0.234595524956971
25970,0.249483648881239
59551,0.235197934595525
21061,0.233734939759036
62375,0.230895008605852
65156,0.243373493975904
55764,0.240189328743546
7432,0.240619621342513
64631,0.227796901893287
20636,0.23407917383821
20861,0.242340791738382
6189,0.243631669535284
44342,0.236660929432014
60162,0.227280550774527
44113,0.239242685025817
3426,0.232271944922547
11460,0.229259896729776
12631,0.246041308089501
64499,0.231497418244406
34242,0.240189328743546
35393,0.245094664371773
6915,0.244234079173838
17066,0.22986230636833
23607,0.245697074010327
36946,0.236660929432014
62408,0.240103270223752
60422,0.237091222030981
11750,0.233132530120482
1410,0.226592082616179
40595,0.236402753872633
32587,0.245094664371773
12721,0.232530120481928
5403,0.245438898450947
31670,0.237607573149742
49943,0.246987951807229
3254,0.233132530120482
16811,0.232271944922547
29671,0.247848537005164
21143,0.273407917383821
49862,0.260499139414802
15781,0.266695352839931
35419,0.252839931153184
5744,0.266437177280551
38895,0.270223752151463
47795,0.254302925989673
23331,0.269965576592083
1758,0.266695352839931
48615,0.265748709122203
50180,0.250430292598967
19563,0.269535283993115
56194,0.258519793459552
61552,0.274956970740103
60413,0.259552495697074
42082,0.257056798623064
38488,0.250774526678141
15527,0.267555938037866
31245,0.272805507745267
31132,0.256798623063683
13568,0.263339070567986
46157,0.26617900172117
10452,0.271428571428571
62953,0.257917383820998
54777,0.274182444061962
45713,0.268846815834768
58021,0.251721170395869
41735,0.256024096385542
33080,0.257659208261618
51979,0.271170395869191
12849,0.25473321858864
64762,0.267125645438898
19370,0.27263339070568
18148,0.259036144578313
63955,0.255851979345955
8717,0.274010327022375
11239,0.271428571428571
31923,0.253012048192771
44736,0.269621342512909
29186,0.269363166953528
57311,0.270998278829604
4650,0.250860585197935
17085,0.262306368330465
27307,0.274784853700516
30686,0.272117039586919
38498,0.267986230636833
48759,0.255077452667814
42514,0.271514629948365
1724,0.253442340791739
17417,0.251807228915663
28956,0.275817555938038
57377,0.289156626506024
35905,0.297934595524957
28581,0.278915662650603
26118,0.281067125645439
16959,0.288640275387263
22515,0.27736660929432
15960,0.290447504302926
60226,0.285456110154905
57816,0.275215146299484
60173,0.278743545611016
1214,0.283476764199656
39130,0.286833046471601
42352,0.290533562822719
64939,0.299569707401033
36107,0.289156626506024
37368,0.282788296041308
12228,0.276678141135973
13316,0.290533562822719
16141,0.295094664371773
51717,0.276075731497418
32488,0.295352839931153
38434,0.289759036144578
59544,0.299225473321859
30546,0.283648881239243
30710,0.278399311531842
1120,0.296127366609294
51385,0.291824440619621
61861,0.282013769363167
18841,0.275903614457831
27610,0.298192771084337
56068,0.299225473321859
55118,0.279776247848537
2905,0.27710843373494
42120,0.276333907056799
11003,0.297590361445783
26350,0.276247848537005
43460,0.283993115318417
16048,0.296127366609294
17532,0.278657487091222
37918,0.299311531841652
42144,0.297246127366609
28989,0.278657487091222
48347,0.295008605851979
28929,0.292685025817556
19795,0.297074010327022
19970,0.299139414802065
6306,0.28433734939759
19744,0.296299483648881
60718,0.297160068846816
15568,0.300688468158348
37410,0.319363166953528
436,0.305851979345955
46855,0.305421686746988
20885,0.315576592082616
21884,0.316351118760757
47754,0.320223752151463
35057,0.308003442340792
49271,0.309552495697074
61512,0.316781411359724
45740,0.305938037865749
47392,0.308433734939759
20307,0.305507745266782
51789,0.303614457831325
31816,0.318502581755594
43845,0.307314974182444
11358,0.302151462994837
47652,0.323149741824441
27992,0.302839931153184
36803,0.303958691910499
5770,0.308691910499139
49706,0.300860585197935
8633,0.30473321858864
62387,0.318502581755594
52298,0.310327022375215
54841,0.309294320137694
46458,0.311531841652324
4602,0.317125645438898
29046,0.313253012048193
35703,0.318760757314974
52338,0.306798623063683
20422,0.311101549053356
64736,0.300946643717728
50625,0.304302925989673
52728,0.305163511187608
8633,0.30473321858864
11983,0.323407917383821
605,0.321342512908778
13873,0.313855421686747
6147,0.313339070567986
12336,0.318674698795181
45397,0.324440619621343
26124,0.303184165232358
47754,0.320223752151463
8617,0.314802065404475
48434,0.303012048192771
4847,0.323149741824441
52835,0.311876075731497
37962,0.310154905335628
51094,0.319793459552496
54563,0.327452667814114
52346,0.332271944922548
62482,0.344492254733219
59988,0.329948364888124
39091,0.345438898450947
26027,0.326161790017212
21247,0.326592082616179
12655,0.348364888123924
54894,0.337091222030981
62419,0.335542168674699
27457,0.333476764199656
46082,0.342254733218589
55487,0.333476764199656
53461,0.326764199655766
27067,0.32986230636833
40695,0.345438898450947
50755,0.343373493975904
46307,0.329173838209983
27413,0.329776247848537
37032,0.348709122203098
26538,0.329259896729776
1087,0.343803786574871
53045,0.329690189328744
14135,0.34053356282272
59888,0.349655765920826
24021,0.348709122203098
420,0.328313253012048
11118,0.329690189328744
12898,0.336833046471601
62865,0.332444061962134
7812,0.329087779690189
59718,0.349913941480207
19321,0.333132530120482
26313,0.331067125645439
56012,0.337005163511188
55226,0.337091222030981
9606,0.346643717728055
17676,0.338640275387263
30358,0.349225473321859
44737,0.328399311531842
119,0.326333907056799
56743,0.335456110154905
29618,0.348450946643718
1592,0.32960413080895
26226,0.328055077452668
17425,0.327710843373494
8950,0.342082616179002
34810,0.346987951807229
4432,0.326161790017212
5593,0.341824440619621
44064,0.353872633390706
59429,0.351807228915663
23183,0.363511187607573
1998,0.374956970740103
57369,0.356884681583477
10106,0.367211703958692
13794,0.353528399311532
13677,0.356798623063683
13828,0.369191049913941
17992,0.368760757314974
6165,0.368244406196214
51084,0.360585197934595
21883,0.364716006884682
56814,0.353270223752152
20020,0.364629948364888
64260,0.369191049913941
61365,0.365232358003442
24443,0.358089500860585
63750,0.35249569707401
15761,0.353700516351119
3715,0.358433734939759
25773,0.356884681583477
24380,0.364974182444062
34890,0.366953528399312
6059,0.350516351118761
23092,0.370826161790017
19864,0.363253012048193
12117,0.351721170395869
19668,0.357745266781411
23399,0.362822719449225
36181,0.356110154905336
65256,0.360154905335628
30291,0.37289156626506
12117,0.351721170395869
31759,0.351290877796902
27169,0.360757314974183
58563,0.374956970740103
21698,0.362478485370052
25144,0.352151462994836
15784,0.368072289156626
30980,0.355851979345955
36843,0.359638554216867
41879,0.364543889845095
18735,0.360068846815835
21760,0.351721170395869
1998,0.374956970740103
46569,0.35473321858864
30375,0.355077452667814
23183,0.363511187607573
9221,0.374698795180723
57162,0.391652323580034
36018,0.391824440619621
18441,0.394578313253012
21986,0.386833046471601
20988,0.391394148020654
26308,0.394750430292599
40255,0.393889845094664
58963,0.39104991394148
1913,0.375215146299484
28159,0.392082616179002
12124,0.390103270223752
55036,0.393975903614458
52400,0.390877796901893
41529,0.394148020654045
38091,0.391135972461274
18342,0.399655765920826
20273,0.392254733218589
4610,0.379087779690189
30184,0.380034423407917
54035,0.38184165232358
45331,0.392943201376936
19803,0.399913941480207
50959,0.399569707401033
56173,0.385886402753873
3862,0.383218588640275
3856,0.393201376936317
63303,0.376678141135972
60595,0.384681583476764
61825,0.390877796901893
7133,0.398537005163511
24512,0.378399311531842
62027,0.375731497418245
19803,0.399913941480207
44438,0.379259896729776
18432,0.396729776247849
44716,0.395094664371773
23138,0.375215146299484
49298,0.392943201376936
34035,0.385025817555938
61749,0.398192771084337
2307,0.383046471600689
1334,0.376419965576592
38091,0.391135972461274
37311,0.382358003442341
18650,0.390447504302926
13788,0.380464716006885
2358,0.383562822719449
26948,0.383993115318417
17497,0.386919104991394
34000,0.390619621342513
8891,0.400946643717728
63815,0.423666092943201
34418,0.411617900172117
62908,0.405249569707401
17300,0.418846815834768
21556,0.418502581755594
7584,0.423752151462995
4296,0.424440619621342
44599,0.403012048192771
61878,0.406282271944923
23313,0.40697074010327
7900,0.411101549053356
58010,0.403442340791738
42490,0.404130808950086
63240,0.411273666092943
16417,0.400946643717728
62908,0.405249569707401
16417,0.400946643717728
8713,0.400516351118761
52454,0.402925989672978
55511,0.424784853700516
21302,0.405765920826162
15086,0.401721170395869
56405,0.42039586919105
13395,0.404819277108434
57124,0.402925989672978
36072,0.416351118760757
49306,0.419363166953528
20997,0.40895008605852
21302,0.405765920826162
49877,0.402839931153184
4681,0.410499139414802
10225,0.416006884681584
11554,0.405335628227194
19065,0.421858864027539
42677,0.423149741824441
16547,0.403614457831325
12308,0.401635111876076
44906,0.403184165232358
10622,0.4184165232358
55573,0.403098106712564
12308,0.401635111876076
4382,0.409466437177281
21556,0.418502581755594
54918,0.412908777969019
5074,0.408777969018933
30315,0.40421686746988
4681,0.410499139414802
52454,0.402925989672978
55511,0.424784853700516
61317,0.435283993115319
57890,0.445869191049914
7419,0.441738382099828
56651,0.440877796901893
25463,0.43433734939759
37168,0.438382099827883
21423,0.432099827882961
26064,0.43829604130809
49031,0.445094664371773
44142,0.44552495697074
2603,0.438123924268502
2446,0.425473321858864
23231,0.435628227194492
24140,0.429259896729776
25979,0.433648881239243
64751,0.438468158347676
7459,0.445094664371773
53091,0.425387263339071
10952,0.428743545611016
25979,0.433648881239243
51514,0.436746987951807
20113,0.433907056798623
28884,0.425559380378658
27838,0.441480206540448
27355,0.428141135972461
23231,0.435628227194492
28884,0.425559380378658
7419,0.441738382099828
51514,0.436746987951807
7300,0.425817555938038
26599,0.425817555938038
31721,0.438037865748709
44898,0.432702237521515
56651,0.440877796901893
51669,0.430722891566265
23287,0.433648881239243
38944,0.428313253012048
34165,0.435456110154905
50414,0.442512908777969
2721,0.426161790017212
60170,0.445352839931153
50083,0.436144578313253
43641,0.428485370051635
42118,0.4315834767642
57890,0.445869191049914
32419,0.449053356282272
42118,0.4315834767642
50083,0.436144578313253
48596,0.441824440619621
44142,0.44552495697074
13032,0.459638554216867
57199,0.457745266781411
49373,0.455593803786575
25714,0.465232358003442
13382,0.451549053356282
57429,0.450860585197935
57262,0.453528399311532
39665,0.460757314974182
57262,0.453528399311532
56342,0.465232358003442
48504,0.458261617900172
38223,0.465146299483649
26468,0.459982788296041
12819,0.467555938037866
57262,0.453528399311532
58995,0.45025817555938
57262,0.453528399311532
59113,0.453270223752152
13032,0.459638554216867
58995,0.45025817555938
11883,0.474096385542169
38021,0.453098106712565
18602,0.464888123924268
49373,0.455593803786575
25714,0.465232358003442
57429,0.450860585197935
57199,0.457745266781411
13382,0.451549053356282
39665,0.460757314974182
13032,0.459638554216867
56342,0.465232358003442
8267,0.474784853700516
18602,0.464888123924268
65284,0.454561101549053
11883,0.474096385542169
57199,0.457745266781411
39487,0.455593803786575
29050,0.465576592082616
25714,0.465232358003442
39665,0.460757314974182
13382,0.451549053356282
33171,0.47039586919105
58995,0.45025817555938
39487,0.455593803786575
58995,0.45025817555938
39487,0.455593803786575
57199,0.457745266781411
57262,0.453528399311532
59113,0.453270223752152
53993,0.474096385542169
25420,0.492426850258175
37235,0.5
35566,0.498967297762479
35566,0.498967297762479
51187,0.475989672977625
43026,0.480034423407917
51187,0.475989672977625
56162,0.480636833046471
33386,0.476764199655766
51187,0.475989672977625
18232,0.476678141135972
33386,0.476764199655766
25420,0.492426850258175
37235,0.5
51187,0.475989672977625
33386,0.476764199655766
56162,0.480636833046471
33386,0.476764199655766
56162,0.480636833046471
54433,0.483562822719449
25420,0.492426850258175
35566,0.498967297762479
56162,0.480636833046471
37235,0.5
51187,0.475989672977625
54433,0.483562822719449
25420,0.492426850258175
35566,0.498967297762479
51187,0.475989672977625
37235,0.5
43026,0.480034423407917
33386,0.476764199655766
37235,0.5
25420,0.492426850258175
33386,0.476764199655766
35566,0.498967297762479
51187,0.475989672977625
25420,0.492426850258175
18232,0.476678141135972
56162,0.480636833046471
25420,0.492426850258175
35566,0.498967297762479
51187,0.475989672977625
35566,0.498967297762479
35566,0.498967297762479
56162,0.480636833046471
18232,0.476678141135972
18232,0.476678141135972
54433,0.483562822719449
18232,0.476678141135972
